method_name,loc,num_params,is_long_method,is_long_param
Update_table3,1,0,0,0
initComponents,5,0,0,0
actionPerformed,1,1,0,0
keyReleased,1,1,0,0
txt_searchKeyReleased,1,1,0,0
jButton1ActionPerformed,1,1,0,0
main,3,1,0,0
run,1,0,0,0
initComponents,5,0,0,0
actionPerformed,1,1,0,0
actionPerformed,1,1,0,0
actionPerformed,1,1,0,0
actionPerformed,1,1,0,0
jComboBox6ActionPerformed,1,1,0,0
jButton1ActionPerformed,1,1,0,0
getScreenShot,1,1,0,0
SaveScreenShot,1,2,0,0
PrintActionPerformed,1,1,0,0
jTextField1ActionPerformed,1,1,0,0
main,3,1,0,0
run,1,0,0,0
Store,1,1,0,0
initComponents,5,0,0,0
actionPerformed,1,1,0,0
actionPerformed,1,1,0,0
actionPerformed,1,1,0,0
actionPerformed,1,1,0,0
actionPerformed,1,1,0,0
jTextField1ActionPerformed,1,1,0,0
jTextField2ActionPerformed,1,1,0,0
getScreenShot,1,1,0,0
SaveScreenShot,1,2,0,0
jButton2ActionPerformed,1,1,0,0
jButton1ActionPerformed,1,1,0,0
jTextField4ActionPerformed,1,1,0,0
main,3,1,0,0
run,1,0,0,0
java_db,1,0,0,0
currentDate,1,0,0,0
initComponents,5,0,0,0
actionPerformed,1,1,0,0
actionPerformed,1,1,0,0
actionPerformed,1,1,0,0
jButton1ActionPerformed,1,1,0,0
txt_usernameActionPerformed,1,1,0,0
txt_comboActionPerformed,1,1,0,0
main,3,1,0,0
run,1,0,0,0
initComponents,5,0,0,0
actionPerformed,1,1,0,0
actionPerformed,1,1,0,0
actionPerformed,1,1,0,0
actionPerformed,1,1,0,0
jButton5ActionPerformed,1,1,0,0
jButton1ActionPerformed,1,1,0,0
jMenuItem1ActionPerformed,1,1,0,0
jMenuItem2ActionPerformed,1,1,0,0
main,3,1,0,0
run,1,0,0,0
initComponents,5,0,0,0
main,3,1,0,0
run,1,0,0,0
Store,1,0,0,0
currentDate,1,0,0,0
initComponents,5,0,0,0
actionPerformed,1,1,0,0
actionPerformed,1,1,0,0
actionPerformed,1,1,0,0
actionPerformed,1,1,0,0
actionPerformed,1,1,0,0
actionPerformed,1,1,0,0
actionPerformed,1,1,0,0
actionPerformed,1,1,0,0
actionPerformed,1,1,0,0
componentRemoved,1,1,0,0
actionPerformed,1,1,0,0
keyReleased,1,1,0,0
actionPerformed,1,1,0,0
jMenuItem1ActionPerformed,1,1,0,0
jButton1ActionPerformed,1,1,0,0
cmd_saveActionPerformed,1,1,0,0
txt_aptActionPerformed,1,1,0,0
txt_firstnameActionPerformed,1,1,0,0
r_femaleActionPerformed,1,1,0,0
r_maleActionPerformed,1,1,0,0
jButton3ActionPerformed,1,1,0,0
txt_search1ComponentRemoved,1,1,0,0
txt_search1ActionPerformed,1,1,0,0
txt_search1KeyReleased,1,1,0,0
button2ActionPerformed,1,1,0,0
txt_addressActionPerformed,1,1,0,0
main,3,1,0,0
run,1,0,0,0
main,3,1,0,0
Fillcombobox,1,0,0,0
initComponents,5,0,0,0
actionPerformed,1,1,0,0
popupMenuCanceled,1,1,0,0
popupMenuWillBecomeInvisible,1,1,0,0
popupMenuWillBecomeVisible,1,1,0,0
actionPerformed,1,1,0,0
actionPerformed,1,1,0,0
actionPerformed,1,1,0,0
cmd_deleteActionPerformed,1,1,0,0
txt_comboPopupMenuWillBecomeInvisible,1,1,0,0
cmd_updateActionPerformed,1,1,0,0
jButton1ActionPerformed,1,1,0,0
cmd_addActionPerformed,1,1,0,0
main,3,1,0,0
run,1,0,0,0
main,1,1,0,0
createAccount,1,2,0,0
loginAccount,1,2,0,0
getBalance,1,1,0,0
transferMoney,1,3,0,0
getConnection,1,0,0,0
addAccount,1,3,0,0
displayAccountInfo,1,1,0,0
performTransaction,1,2,0,0
getAccountNumber,1,0,0,0
getCustomerName,1,0,0,0
getBalance,1,0,0,0
deposit,1,1,0,0
main,1,1,0,0
addIncome,1,1,0,0
addExpense,1,1,0,0
getBalance,1,0,0,0
main,1,1,0,0
pressAnyKeyToContinue,1,0,0,0
readString,1,0,0,0
login,1,0,0,0
getCurrentTimeUsingDate,1,0,0,0
menu,1,0,0,0
patient,1,0,0,0
diagnos,1,0,0,0
history,1,0,0,0
bill,1,0,0,0
exit,1,0,0,0
info,1,0,0,0
main,1,1,0,0
pressAnyKeyToContinue,1,0,0,0
readString,1,0,0,0
login,1,0,0,0
getCurrentTimeUsingDate,1,0,0,0
menu,1,0,0,0
patient,1,0,0,0
diagnos,1,0,0,0
history,1,0,0,0
bill,1,0,0,0
exit,1,0,0,0
info,1,0,0,0
main,1,1,0,0
getId,1,0,0,0
setId,1,1,0,0
getName,1,0,0,0
setName,1,1,0,0
getEmail,1,0,0,0
setEmail,1,1,0,0
getPassword,1,0,0,0
setPassword,1,1,0,0
getAddress,1,0,0,0
setAddress,1,1,0,0
getContact,1,0,0,0
setContact,1,1,0,0
getRollno,1,0,0,0
setRollno,1,1,0,0
getName,1,0,0,0
setName,1,1,0,0
getEmail,1,0,0,0
setEmail,1,1,0,0
getSex,1,0,0,0
setSex,1,1,0,0
getCourse,1,0,0,0
setCourse,1,1,0,0
getFee,1,0,0,0
setFee,1,1,0,0
getPaid,1,0,0,0
setPaid,1,1,0,0
getDue,1,0,0,0
setDue,1,1,0,0
getAddress,1,0,0,0
setAddress,1,1,0,0
getContact,1,0,0,0
setContact,1,1,0,0
save,1,1,0,0
validate,1,2,0,0
update,1,1,0,0
delete,1,1,0,0
getAllRecords,1,0,0,0
getRecordById,1,1,0,0
getCon,1,0,0,0
save,1,1,0,0
update,1,1,0,0
delete,1,1,0,0
deleteByName,1,1,0,0
getAllRecords,1,0,0,0
getDues,1,0,0,0
getRecordByRollno,1,1,0,0
doPost,1,2,0,0
doGet,1,2,0,0
doPost,1,2,0,0
doGet,1,2,0,0
doPost,1,2,0,0
doGet,1,2,0,0
doPost,1,2,0,0
doGet,1,2,0,0
doGet,1,2,0,0
doGet,1,2,0,0
doGet,1,2,0,0
doPost,1,2,0,0
doGet,1,2,0,0
doPost,1,2,0,0
doGet,1,2,0,0
doGet,1,2,0,0
doGet,1,2,0,0
doPost,1,2,0,0
doGet,1,2,0,0
doGet,1,2,0,0
doGet,1,2,0,0
getId,1,0,0,0
setId,1,1,0,0
getName,1,0,0,0
setName,1,1,0,0
getEmail,1,0,0,0
setEmail,1,1,0,0
getPassword,1,0,0,0
setPassword,1,1,0,0
getAddress,1,0,0,0
setAddress,1,1,0,0
getContact,1,0,0,0
setContact,1,1,0,0
getRollno,1,0,0,0
setRollno,1,1,0,0
getName,1,0,0,0
setName,1,1,0,0
getEmail,1,0,0,0
setEmail,1,1,0,0
getSex,1,0,0,0
setSex,1,1,0,0
getCourse,1,0,0,0
setCourse,1,1,0,0
getFee,1,0,0,0
setFee,1,1,0,0
getPaid,1,0,0,0
setPaid,1,1,0,0
getDue,1,0,0,0
setDue,1,1,0,0
getAddress,1,0,0,0
setAddress,1,1,0,0
getContact,1,0,0,0
setContact,1,1,0,0
save,1,1,0,0
validate,1,2,0,0
update,1,1,0,0
delete,1,1,0,0
getAllRecords,1,0,0,0
getRecordById,1,1,0,0
getCon,1,0,0,0
save,1,1,0,0
update,1,1,0,0
delete,1,1,0,0
deleteByName,1,1,0,0
getAllRecords,1,0,0,0
getDues,1,0,0,0
getRecordByRollno,1,1,0,0
doPost,1,2,0,0
doGet,1,2,0,0
doPost,1,2,0,0
doGet,1,2,0,0
doPost,1,2,0,0
doGet,1,2,0,0
doPost,1,2,0,0
doGet,1,2,0,0
doGet,1,2,0,0
doGet,1,2,0,0
doGet,1,2,0,0
doPost,1,2,0,0
doGet,1,2,0,0
doPost,1,2,0,0
doGet,1,2,0,0
doGet,1,2,0,0
doGet,1,2,0,0
doPost,1,2,0,0
doGet,1,2,0,0
doGet,1,2,0,0
doGet,1,2,0,0
doGet,1,2,0,0
doPost,1,2,0,0
doGet,1,2,0,0
doPost,1,2,0,0
AddBook,1,1,0,0
ShowAvailableBook,1,0,0,0
IssueBook,1,1,0,0
returnBook,1,1,0,0
main,1,1,0,0
addBookMenu,1,0,0,0
addBook,1,1,0,0
addMemberMenu,1,0,0,0
addMember,1,1,0,0
getUnitsAvailable,1,0,0,0
setUnitsAvailable,1,1,0,0
getIsbnCode,1,0,0,0
setIsbnCode,1,1,0,0
getBookName,1,0,0,0
setBookName,1,1,0,0
getBookDesc,1,0,0,0
setBookDesc,1,1,0,0
getAuthorName,1,0,0,0
setAuthorName,1,1,0,0
getSubjectName,1,0,0,0
setSubjectName,1,1,0,0
callIssueMenu,1,0,0,0
issueBook,1,2,0,0
callReturnMenu,1,0,0,0
returnBook,1,2,0,0
getConnection,1,0,0,0
getDateOfJoining,1,0,0,0
setDateOfJoining,1,1,0,0
getMemberId,1,0,0,0
setMemberId,1,1,0,0
getMemberName,1,0,0,0
setMemberName,1,1,0,0
main,1,1,0,0
processUserInput,1,1,0,0
main,1,1,0,0
getIsbn,1,0,0,0
getTitle,1,0,0,0
getQty,1,0,0,0
setQty,1,1,0,0
addQty,1,1,0,0
getPrice,1,0,0,0
addOrder,1,2,0,0
cancelOrder,1,1,0,0
ejbActivate,1,0,0,0
ejbRemove,1,0,0,0
ejbPassivate,1,0,0,0
setSessionContext,1,1,0,0
ejbCreate,1,0,0,0
addOrder,1,2,0,0
cancelOrder,1,1,0,0
create,1,0,0,0
backupOrderData,1,0,0,0
restoreOrderData,1,0,0,0
generateAnalyticsReport,1,0,0,0
find,1,1,0,0
addItem,1,1,0,0
getItems,1,0,0,0
removeItem,1,1,0,0
clearAll,1,0,0,0
updateQty,1,2,0,0
finalizeOrder,1,1,0,0
cancelOrder,1,1,0,0
getInitialContext,1,0,0,0
getJNDIContext,1,0,0,0
setCustname,1,1,0,0
getCustname,1,0,0,0
setPhoneno,1,1,0,0
getPhoneno,1,0,0,0
setPassword,1,1,0,0
getPassword,1,0,0,0
setEmail,1,1,0,0
getEmail,1,0,0,0
isValid,1,0,0,0
updatePassword,1,1,0,0
registerUser,1,0,0,0
clean,1,2,0,0
getConnection,1,0,0,0
getInitialContext,1,0,0,0
getIsbn,1,0,0,0
getTitle,1,0,0,0
getQty,1,0,0,0
setQty,1,1,0,0
addQty,1,1,0,0
getPrice,1,0,0,0
getUserid,1,0,0,0
setUname,1,1,0,0
getUname,1,0,0,0
setPwd,1,1,0,0
getPwd,1,0,0,0
setEmail,1,1,0,0
getEmail,1,0,0,0
setAddress,1,1,0,0
getAddress,1,0,0,0
setPhone,1,1,0,0
getPhone,1,0,0,0
login,1,0,0,0
updateProfile,1,1,0,0
registerUser,1,0,0,0
isLogged,1,0,0,0
getNextUserid,1,1,0,0
clean,1,2,0,0
getConnection,1,0,0,0
windowActivated,1,1,0,0
windowDeactivated,1,1,0,0
windowIconified,1,1,0,0
windowDeiconified,1,1,0,0
windowClosing,1,1,0,0
windowClosed,1,1,0,0
windowOpened,1,1,0,0
main,1,1,0,0
actionPerformed,1,1,0,0
doPost,1,2,0,0
getDBConnection,1,0,0,0
doPost,1,2,0,0
check,1,2,0,0
checkvote,1,1,0,0
doPost,1,2,0,0
service,1,2,0,0
doPost,1,2,0,0
doPost,1,2,0,0
service,1,2,0,0
checkLogin,1,1,0,0
selectMenu,3,0,0,0
mainLoop,1,0,0,0
selectionCheck,1,1,0,0
userLogin,3,0,0,0
loginCheck,1,1,0,0
userLogout,1,0,0,0
chooseEditStaffMode,3,0,0,0
addNewStaff,1,0,0,0
generateID,1,0,0,0
updateStaff,1,0,0,0
deleteStaff,1,0,0,0
selectOrderMenu,3,0,0,0
showOrderList,1,0,0,0
createOrder,1,0,0,0
updateOrder,1,0,0,0
editOrderItem,1,1,0,0
addNewOrderItem,1,1,0,0
deleteOrderItem,1,1,0,0
closeOrder,1,0,0,0
cancelOrder,1,0,0,0
findOrder,1,0,0,0
chooseEditMenuItemMode,3,0,0,0
generateMenuID,1,0,0,0
addNewMenuItem,1,0,0,0
updateMenuItem,1,0,0,0
deleteMenuItem,1,0,0,0
showMenuList,3,0,0,0
showStaffList,1,0,0,0
printMessageToView,1,1,0,0
printErrorMessageToView,1,1,0,0
pause,1,1,0,0
generateReports,3,0,0,0
generateSalesReports,1,0,0,0
generatePaymentReports,1,0,0,0
setErrorMessage,1,1,0,0
getErrorMessage,1,0,0,0
getTodaysOrderCnt,1,0,0,0
getTodaysCancelCnt,1,0,0,0
getTotalSales,1,0,0,0
getCancelTotal,1,0,0,0
getOrderTotalCharge,1,1,0,0
getOrderState,1,1,0,0
getCurrentUserName,1,0,0,0
checkIfUserClockedOut,1,0,0,0
loginCheck,3,3,0,0
userLogout,1,0,0,0
addNewStaff,3,5,0,1
updateStaff,1,4,0,0
deleteStaff,1,1,0,0
getStaffData,1,1,0,0
clockOut,1,0,0,0
clockOut,1,1,0,0
clockOutAll,1,0,0,0
addNewMenuItem,3,4,0,0
updateMenuItem,1,4,0,0
deleteMenuItem,1,1,0,0
getMenuItemData,1,1,0,0
createOrder,3,0,0,0
addNewOrderItem,1,3,0,0
deleteOrderItem,1,2,0,0
closeOrder,1,1,0,0
cancelOrder,1,1,0,0
closeAllOrder,1,0,0,0
generateSalesReport,4,0,0,0
generatePaymentReport,1,0,0,0
createStaffList,3,0,0,0
createOrderList,1,0,0,0
createOrderItemlList,1,1,0,0
createMenuList,1,1,0,0
createPaymentList,1,0,0,0
getStaffList,3,0,0,0
getMenuList,1,0,0,0
getOrderList,1,0,0,0
getTodaysOrderCount,1,0,0,0
findStaffByID,1,1,0,0
findMenuItemByID,1,1,0,0
findOrderByID,1,1,0,0
editStaffData,1,4,0,0
editStaffData,1,3,0,0
deleteStaff,1,1,0,0
addStaff,1,5,0,1
editMenuItemData,1,4,0,0
editMenuItemData,1,3,0,0
setMenuItemAsPromotionItem,1,2,0,0
resetMenuState,1,1,0,0
deleteMenuItem,1,1,0,0
addMenuItem,1,4,0,0
addOrder,1,2,0,0
addOrderItem,1,3,0,0
deleteOrderItem,1,2,0,0
cancelOrder,1,1,0,0
deleteOrder,1,1,0,0
closeOrder,1,1,0,0
closeAllOrder,1,0,0,0
getOrderState,1,1,0,0
getOrderTotalCharge,1,1,0,0
checkIfAllOrderClosed,1,0,0,0
checkIfAllStaffCheckout,1,0,0,0
forthClockOutAllStaff,1,0,0,0
loadFiles,3,0,0,0
loadStaffFile,1,0,0,0
loadManagerFile,1,0,0,0
loadMenuFile,1,0,0,0
loadWageInfoFile,1,0,0,0
updateStaffFile,3,1,0,0
updateWageFile,1,0,0,0
updateMenuFile,1,0,0,0
generateOrderReport,1,1,0,0
generatePaymentReport,1,1,0,0
compare,1,2,0,0
compare,1,2,0,0
getErrMessage,1,0,0,0
setWageRate,1,1,0,0
culculateWages,1,0,0,0
setWageRate,1,1,0,0
culculateWages,1,0,0,0
setName,1,1,0,0
setPrice,1,1,0,0
setType,1,1,0,0
setState,1,2,0,0
resetState,1,0,0,0
getID,1,0,0,0
getName,1,0,0,0
getPrice,1,0,0,0
gerRegularPrice,1,0,0,0
getType,1,0,0,0
getState,1,0,0,0
getOrderID,3,0,0,0
getStaffID,1,0,0,0
getStaffName,1,0,0,0
getState,1,0,0,0
getTotal,1,0,0,0
getOrderDetail,1,0,0,0
setOrderID,3,1,0,0
setState,1,1,0,0
addItem,1,2,0,0
deleteItem,1,1,0,0
calculateTotal,1,0,0,0
getItemID,3,0,0,0
getItemName,1,0,0,0
getPrice,1,0,0,0
getQuantity,1,0,0,0
getTotalPrice,1,0,0,0
addQuantity,1,1,0,0
main,1,1,0,0
main,1,1,0,0
setID,1,1,0,0
setLastName,1,1,0,0
setFirstName,1,1,0,0
setPassword,1,1,0,0
setWorkState,1,1,0,0
getID,1,0,0,0
getLastName,1,0,0,0
getFirstName,1,0,0,0
getFullName,1,0,0,0
getPassword,1,0,0,0
getWageRate,1,0,0,0
getWorkState,1,0,0,0
getStartTime,1,0,0,0
getFinishTime,1,0,0,0
clockIn,1,0,0,0
clockOut,1,0,0,0
changeStartTime,1,1,0,0
changeFinishTime,1,1,0,0
culculateWorkTime,1,0,0,0
setWageRate,1,1,0,0
culculateWages,1,0,0,0
setLoginUserName,3,1,0,0
setTodaysDate,1,1,0,0
displayTitle,3,1,0,0
clearScreen,4,0,0,0
displayMessage,1,1,0,0
displayErrorMessage,1,1,0,0
userInput,1,0,0,0
setUserName,1,1,0,0
finish,1,0,0,0
showMainMenu,3,1,0,0
loginView,1,0,0,0
showOrderMenu,1,0,0,0
addMenuItemView,1,0,0,0
editMenuItemView,1,1,0,0
editOrderView,1,0,0,0
addOrderItemView,1,0,0,0
deleteOrderItemView,1,0,0,0
closeOrderView,1,0,0,0
cancelOrderView,1,0,0,0
generateReportView,1,0,0,0
addNewStaffView,1,0,0,0
staffManagementView,1,0,0,0
updateStaffView,1,1,0,0
choseEditMenuView,1,0,0,0
showOrderList,3,0,0,0
showOrderDetail,1,1,0,0
showStaffData,1,1,0,0
showPaymentList,1,0,0,0
showStaffList,1,0,0,0
showMenuList,1,0,0,0
sub_showMenuList,1,0,0,0
showMenuItemData,1,1,0,0
createMasterPanelConpornents,1,0,0,0
setLoginUserName,1,1,0,0
changeMode,1,1,0,0
setTodaysDate,1,1,0,0
setClockOutButton,1,0,0,0
displayMessage,1,1,0,0
displayErrorMessage,1,1,0,0
showYesNoDialog,1,2,0,0
showYesNoCancelDiaglog,1,2,0,0
showErrorDialog,1,2,0,0
showConfirmDialog,1,2,0,0
getIDfromString,1,2,0,0
actionPerformed,1,1,0,0
setUserID,1,1,0,0
setPassword,1,1,0,0
init,1,0,0,0
actionPerformed,1,1,0,0
changeMainPanel,1,1,0,0
init,1,0,0,0
showMenuList,1,1,0,0
actionPerformed,1,1,0,0
init,1,0,0,0
showMenuList,1,0,0,0
getSelectedMenuID,1,0,0,0
actionPerformed,1,1,0,0
setMenuID,1,1,0,0
setItemName,1,1,0,0
setPrice,1,1,0,0
setType,1,1,0,0
init,1,1,0,0
actionPerformed,1,1,0,0
init,1,0,0,0
showStaffList,1,0,0,0
getSelectedStaffID,1,0,0,0
actionPerformed,1,1,0,0
setUserID,1,1,0,0
setPassword,1,1,0,0
setLastName,1,1,0,0
setFirstName,1,1,0,0
init,1,1,0,0
actionPerformed,1,1,0,0
setTotalCount,1,1,0,0
setTotalSales,1,1,0,0
setCancelCount,1,1,0,0
setCancelTotal,1,1,0,0
showOrderList,1,0,0,0
init,1,0,0,0
getSelectedOrderID,1,0,0,0
getSelectedOrderStaffName,1,0,0,0
actionPerformed,1,1,0,0
init,1,2,0,0
setTotal,1,1,0,0
setOrderState,1,1,0,0
setStaffName,1,1,0,0
refleshOrderDetailList,1,0,0,0
getOrderDetailIndexFromString,1,1,0,0
actionPerformed,1,1,0,0
valueChanged,1,1,0,0
setTotalCount,1,1,0,0
setTotalSales,1,1,0,0
setCancelCount,1,1,0,0
setCancelTotal,1,1,0,0
showOrderList,1,0,0,0
init,1,0,0,0
actionPerformed,1,1,0,0
init,1,0,0,0
actionPerformed,1,1,0,0
verify,1,1,0,0
verify,1,1,0,0
getName,1,0,0,0
setName,1,1,0,0
getTitle,1,0,0,0
setTitle,1,1,0,0
getPlace,1,0,0,0
setPlace,1,1,0,0
getDate,1,0,0,0
setDate,1,1,0,0
toString,1,0,0,0
getUserid,1,0,0,0
setUserid,1,1,0,0
getBook_title,1,0,0,0
setBook_title,1,1,0,0
getAuthor,1,0,0,0
setAuthor,1,1,0,0
getPublisher,1,0,0,0
setPublisher,1,1,0,0
getIsbn_no,1,0,0,0
setIsbn_no,1,1,0,0
getPublication_date,1,0,0,0
setPublication_date,1,1,0,0
getName,1,0,0,0
setName,1,1,0,0
getPaperTitle,1,0,0,0
setPaperTitle,1,1,0,0
getAuthor,1,0,0,0
setAuthor,1,1,0,0
getPublicationDate,1,0,0,0
setPublicationDate,1,1,0,0
getPlace,1,0,0,0
setPlace,1,1,0,0
getVolume,1,0,0,0
setVolume,1,1,0,0
getPageNo,1,0,0,0
setPageNo,1,1,0,0
getDoiNo,1,0,0,0
setDoiNo,1,1,0,0
getLink,1,0,0,0
setLink,1,1,0,0
getImpactFactor,1,0,0,0
setImpactFactor,1,1,0,0
getImpactType,1,0,0,0
setImpactType,1,1,0,0
getPublicationType,1,0,0,0
setPublicationType,1,1,0,0
getPercentage,1,0,0,0
setPercentage,1,1,0,0
getId,1,0,0,0
setId,1,1,0,0
getUserId,1,0,0,0
setUserId,1,1,0,0
getCollegeName,1,0,0,0
setCollegeName,1,1,0,0
getDegree,1,0,0,0
setDegree,1,1,0,0
getSubject,1,0,0,0
setSubject,1,1,0,0
getYear,1,0,0,0
setYear,1,1,0,0
getBoard,1,0,0,0
setBoard,1,1,0,0
getObtainedMarks,1,0,0,0
setObtainedMarks,1,1,0,0
getTotalMarks,1,0,0,0
setTotalMarks,1,1,0,0
toString,1,0,0,0
getId,1,0,0,0
setId,1,1,0,0
getUserId,1,0,0,0
setUserId,1,1,0,0
getEmployer,1,0,0,0
setEmployer,1,1,0,0
getDesignation,1,0,0,0
setDesignation,1,1,0,0
getJoiningDate,1,0,0,0
setJoiningDate,1,1,0,0
getLeavingDate,1,0,0,0
setLeavingDate,1,1,0,0
getWorking,1,0,0,0
setWorking,1,1,0,0
getExperience,1,0,0,0
setExperience,1,1,0,0
getSubjectThaught,1,0,0,0
setSubjectThaught,1,1,0,0
getCourse,1,0,0,0
setCourse,1,1,0,0
toString,1,0,0,0
getId,1,0,0,0
setId,1,1,0,0
getExportRole,1,0,0,0
setExportRole,1,1,0,0
getLevel,1,0,0,0
setLevel,1,1,0,0
getPlace,1,0,0,0
setPlace,1,1,0,0
getIsbnNo,1,0,0,0
setIsbnNo,1,1,0,0
getActivityType,1,0,0,0
setActivityType,1,1,0,0
getActivityType,1,1,0,0
toString,1,0,0,0
getName,1,0,0,0
setName,1,1,0,0
getPaperTitle,1,0,0,0
setPaperTitle,1,1,0,0
getAuthor,1,0,0,0
setAuthor,1,1,0,0
getPublicationDate,1,0,0,0
setPublicationDate,1,1,0,0
getPlace,1,0,0,0
setPlace,1,1,0,0
getVolume,1,0,0,0
setVolume,1,1,0,0
getPageNo,1,0,0,0
setPageNo,1,1,0,0
getDoiNo,1,0,0,0
setDoiNo,1,1,0,0
getLink,1,0,0,0
setLink,1,1,0,0
getImpactFactor,1,0,0,0
setImpactFactor,1,1,0,0
getImpactType,1,0,0,0
setImpactType,1,1,0,0
getPublicationType,1,0,0,0
setPublicationType,1,1,0,0
getId,1,0,0,0
setId,1,1,0,0
getProfessionalBodyName,1,0,0,0
setProfessionalBodyName,1,1,0,0
getPlace,1,0,0,0
setPlace,1,1,0,0
getJoiningYear,1,0,0,0
setJoiningYear,1,1,0,0
getMembershipType,1,0,0,0
setMembershipType,1,1,0,0
getMembershipNo,1,0,0,0
setMembershipNo,1,1,0,0
toString,1,0,0,0
getId,1,0,0,0
setId,1,1,0,0
getStartDate,1,0,0,0
setStartDate,1,1,0,0
getEndDate,1,0,0,0
setEndDate,1,1,0,0
getSponsores,1,0,0,0
setSponsores,1,1,0,0
getNote,1,0,0,0
setNote,1,1,0,0
getTopic,1,0,0,0
setTopic,1,1,0,0
getPlace,1,0,0,0
setPlace,1,1,0,0
getParticipation,1,0,0,0
setParticipation,1,1,0,0
getParticipation,1,1,0,0
toString,1,0,0,0
getSurname,1,0,0,0
setSurname,1,1,0,0
getPlace,1,0,0,0
setPlace,1,1,0,0
getMotherName,1,0,0,0
setMotherName,1,1,0,0
getNationality,1,0,0,0
setNationality,1,1,0,0
getCareerObjectives,1,0,0,0
setCareerObjectives,1,1,0,0
getStrengths,1,0,0,0
setStrengths,1,1,0,0
getHobbies,1,0,0,0
setHobbies,1,1,0,0
getId,1,0,0,0
setId,1,1,0,0
getName,1,0,0,0
setName,1,1,0,0
getGender,1,0,0,0
setGender,1,1,0,0
getDob,1,0,0,0
setDob,1,1,0,0
getMobileNo,1,0,0,0
setMobileNo,1,1,0,0
getEmailId,1,0,0,0
setEmailId,1,1,0,0
getAddress,1,0,0,0
setAddress,1,1,0,0
getAge,1,0,0,0
setAge,1,1,0,0
getMaritalStatus,1,0,0,0
setMaritalStatus,1,1,0,0
getFatherName,1,0,0,0
setFatherName,1,1,0,0
getLangaugeProf,1,0,0,0
setLangaugeProf,1,1,0,0
toString,1,0,0,0
getBackEnd,1,0,0,0
setBackEnd,1,1,0,0
getTitte,1,0,0,0
setTitte,1,1,0,0
getGuide,1,0,0,0
setGuide,1,1,0,0
getFrontEnd,1,0,0,0
setFrontEnd,1,1,0,0
getInputs,1,0,0,0
setInputs,1,1,0,0
getOutputs,1,0,0,0
setOutputs,1,1,0,0
getDescription,1,0,0,0
setDescription,1,1,0,0
toString,1,0,0,0
getName,1,0,0,0
setName,1,1,0,0
getDesignation,1,0,0,0
setDesignation,1,1,0,0
getAffiliation,1,0,0,0
setAffiliation,1,1,0,0
getEmailId,1,0,0,0
setEmailId,1,1,0,0
getContactNo,1,0,0,0
setContactNo,1,1,0,0
toString,1,0,0,0
getConnection,1,0,0,0
closeConnection,1,0,0,0
insertPersonalDetails,1,1,0,0
insertEducationalDetails,1,1,0,0
insertEducationalDetails,1,1,0,0
insertExperiences,1,1,0,0
insertExperienceDetails,1,1,0,0
insertParticipations,1,1,0,0
insertParticipation,1,1,0,0
insertAchievements,1,1,0,0
insertAchievement,1,1,0,0
insertProjects,1,1,0,0
insertProject,1,1,0,0
insertReferences,1,1,0,0
insertReference,1,1,0,0
getPersonalDetails,1,0,0,0
getEducationalDetails,1,0,0,0
getExperienceDetails,1,0,0,0
getParticipationDetails,1,0,0,0
getAchievementDetails,1,0,0,0
getProjectDetails,1,0,0,0
getReferencesDetails,1,0,0,0
main,1,1,0,0
insertPersonalDetails,1,1,0,0
insertEducationalDetails,1,1,0,0
insertExperiences,1,1,0,0
inserParticipation,1,1,0,0
insertAchievement,1,1,0,0
insertProject,1,1,0,0
insertReference,1,1,0,0
getPersonalDetails,1,0,0,0
getEducationDetails,1,0,0,0
getExperienceDetails,1,0,0,0
getParticipationDetails,1,0,0,0
getAchievementDetails,1,0,0,0
getProjectDetails,1,0,0,0
getReferencesDetails,1,0,0,0
main,1,1,0,0
fromCSV,1,1,0,0
readCsvFile,1,0,0,0
writeCsvFile,1,1,0,0
getFilePath,1,2,0,0
inputValidName,1,1,0,0
inputValidID,1,1,0,0
addUniqueName,1,2,0,0
addUniqueID,1,2,0,0
inputValidGPA,1,1,0,0
inputValidYear,1,1,0,0
inputValidDepartment,1,1,0,0
inputValidChoice,1,1,0,0
displayHeading,1,0,0,0
displayMenuAndGetChoice,1,0,0,0
getTicketClassChoice,1,0,0,0
getNumberOfTickets,1,0,0,0
getPassengerName,1,0,0,0
getPassengerAge,1,0,0,0
getPassengerPhoneNumber,1,0,0,0
displayBookingSuccess,1,2,0,0
displayBookingFailureNoAvailability,1,0,0,0
getPassengerNumberForCancelOrSearch,1,1,0,0
displayCancellationSuccess,1,1,0,0
displayCancellationFailure,1,0,0,0
displayPassengerDetails,1,1,0,0
getClassString,1,1,0,0
displayReservationChart,1,3,0,0
displayUnbookedTickets,1,3,0,0
displayExitMessage,1,0,0,0
displayInvalidChoice,1,0,0,0
waitForEnter,1,0,0,0
clearScreen,1,0,0,0
getPassengerNumber,1,0,0,0
getName,1,0,0,0
getPhoneNumber,1,0,0,0
getAge,1,0,0,0
getTicketClass,1,0,0,0
setName,1,1,0,0
setPhoneNumber,1,1,0,0
setAge,1,1,0,0
setTicketClass,1,1,0,0
toString,1,0,0,0
run,1,0,0,0
handleBookTicket,1,0,0,0
handleCancelTicket,1,0,0,0
handleSearchPassenger,1,0,0,0
handleDisplayReservationChart,1,0,0,0
handleDisplayUnbookedTickets,1,0,0,0
main,1,1,0,0
checkAvailability,1,2,0,0
bookTicket,1,5,0,1
calculatePrice,1,2,0,0
cancelTicket,1,1,0,0
calculateRefund,1,1,0,0
findPassengerByNumber,1,1,0,0
getPassengersByClass,1,1,0,0
getAllPassengers,1,0,0,0
getRemainingAcTickets,1,0,0,0
getRemainingFirstClassTickets,1,0,0,0
getRemainingSleeperTickets,1,0,0,0
main,1,1,0,0
getMake,1,0,0,0
getModel,1,0,0,0
getYear,1,0,0,0
getPrice,1,0,0,0
toString,1,0,0,0
addVehicle,1,1,0,0
getAllVehicles,1,0,0,0
removeVehicle,1,1,0,0
onAccelerationChanged,1,3,0,0
onShake,1,1,0,0
isListening,3,0,0,0
stopListening,3,0,0,0
isSupported,3,1,0,0
configure,7,2,0,0
startListening,5,1,0,0
startListening,10,3,0,0
onAccuracyChanged,1,2,0,0
onSensorChanged,1,1,0,0
handleMessage,1,1,0,0
onBind,1,1,0,0
onCreate,1,0,0,0
onStartCommand,1,3,0,0
handleMessage,1,1,0,0
onAccelerationChanged,1,3,0,0
onShake,1,1,0,0
onDestroy,1,0,0,0
onCreate,1,1,0,0
showMessage,1,2,0,0
back,1,1,0,0
getLocation,1,0,0,0
stopUsingGPS,4,0,0,0
getLatitude,3,0,0,0
getLongitude,3,0,0,0
canGetLocation,4,0,0,0
showSettingsAlert,4,0,0,0
onClick,1,2,0,0
onClick,1,2,0,0
onLocationChanged,1,1,0,0
onProviderDisabled,1,1,0,0
onProviderEnabled,1,1,0,0
onStatusChanged,1,3,0,0
onBind,1,1,0,0
onCreate,1,1,0,0
back,1,1,0,0
onCreate,1,1,0,0
register,1,1,0,0
display_no,1,1,0,0
instruct,1,1,0,0
verify,1,1,0,0
onCreate,1,1,0,0
display,1,1,0,0
instructions,1,1,0,0
storeInDB,1,1,0,0
getAddressFromLocation,1,4,0,0
run,1,0,0,0
onCreate,1,1,0,0
verify_no,1,1,0,0
setupActionBar,3,0,0,0
onCreateOptionsMenu,1,1,0,0
onOptionsItemSelected,1,1,0,0
back,1,1,0,0
